Property Name,Property Type,Address,City,County,State,ZIP Code,Latitude,Longitude,Floor Area (ft^2),Reported Floor Area (ft^2),Year Built,Benchmarking Year,ENERGY STAR Score,Site EUI (kBtu/ft^2),Source EUI (kBtu/ft^2),Weather Normalized Site EUI (kBtu/ft^2),Weather Normalized Source EUI (kBtu/ft^2),Direct GHG Emissions (MtCO2e),Indirect GHG Emissions (MtCO2e),Total GHG Emissions (MtCO2e),Water Use Intensity (gal/ft^2),ID,Community Area,Number of Buildings
Roosevelt Hi-CPS,K-12 School,3436 W WILSON AVE,Chicago,,IL,60625,41.96501325,-87.71451268,319900,,1927,2014,71,80,129,75,122,,,2379,,157767,ALBANY PARK,1
Curie Metrop-CPS,K-12 School,4975 S Archer,Chicago,,IL,60632,41.802759,-87.722671,447330,,1990,2014,19,96,268,93,261,,,7573,,100256,ARCHER HEIGHTS,1
METROPOLITIAN PIER AND EXPOSITION AUTHORITY,Convention Center,301 Cermak Road,Chicago,,IL,60616,41.85284,-87.634931,,,1971,2014,,90,204,86,200,,,115833,,101551,ARMOUR SQUARE,8
St. Rita of Cascia High School,K-12 School,7740 South Western Avenue,Chicago,,IL,60620,41.7520028,-87.68463714,250000,,1960,2014,68,84,139,80,135,,,2010,,100396,ASHBURN,1
Steinmetz Ac-CPS,K-12 School,3030 N MOBILE AVE,Chicago,,IL,60634,41.93560335,-87.7843396,323400,,1934,2014,66,85,142,80,136,,,2664,,250052,BELMONT CRAGIN,1
Kelly High S-CPS,K-12 School,4136 S California Ave,Chicago,,IL,60632,41.818909,-87.694567,298432,,1928,2014,54,89,156,79,146,,,2729,,168174,BRIGHTON PARK,1
Advocate Trinity Hospital,Hospital (General Medical & Surgical),2320 E. 93rd. Street,Chicago,,IL,60617,41.72673518,-87.56695195,369087,,1960,2014,57,248,437,245,433,,,9472,,102532,CALUMET HEIGHTS,1
Simeon Caree-CPS,K-12 School,8235 S VINCENNES AVE,Chicago,,IL,60620,41.744236,-87.635863,284691,,2003,2014,19,123,229,117,222,,,3875,,250051,CHATHAM,1
Dunbar Vocat-CPS,K-12 School,3000 S King Dr,Chicago,,IL,60616,41.83978929,-87.61953177,319937,,1955,2014,15,99,137,97,135,,,2432,,112188,DOUGLAS,1
IIT Research Tower,College/University,10 West 35th Street,Chicago,,IL,60616,41.83139755,-87.62723022,392894,,1964,2014,,50,155,,,,,3887,,111290,DOUGLAS,1
Wright College,College/University,4300 North Narragansett,Chicago,,IL,60634,41.95813043,-87.78958012,544380,,1993,2014,,35,111,35,111,,,3860,,101492,DUNNING,4
Senn Achieve-CPS,K-12 School,5900 N GLENWOOD AVE,Chicago,,IL,60660,41.98901511,-87.66668203,346140,,1912,2014,46,109,193,104,187,,,3919,,102409,EDGEWATER,1
Kennedy-King College,College/University,6301 South Halsted,Chicago,,IL,60621,41.779703,-87.644751,496817,,2007,2014,,170,340,167,336,,,10160,,250004,ENGLEWOOD,6
Kennedy High-CPS,K-12 School,6325 W 56th St,Chicago,,IL,60638,41.79020209,-87.77942169,358364,,1957,2014,66,62,123,60,120,,,2639,,250048,GARFIELD RIDGE,1
Provident Hospital,Hospital (General Medical & Surgical),500 E. 51st St.,Chicago,,IL,60615,41.802169,-87.613988,373995,,1981,2014,1,313,548,302,535,,,12011,,250138,GRAND BOULEVARD,2
Albert Merritt Billings,Office,950 East 59th St.,Chicago,,IL,60637,41.787764,-87.602285,488322,,1927,2014,83,77,170,74,166.3,,,5111,,250124,HYDE PARK,1
Bernard Mitchell Hospital,Hospital (General Medical & Surgical),5815 S. Maryland Av.,Chicago,,IL,60637,41.789224,-87.604896,430772,,1983,2014,12,251,515,251,515,,,13550,,250127,HYDE PARK,1
CCD,Hospital (General Medical & Surgical),5700 S. Maryland Av.,Chicago,,IL,60637,41.7910213,-87.60552924,1205371,,2013,2014,16,231,462,227,458,,,33903,,250128,HYDE PARK,1
Comer Children's Hospital,Hospital (General Medical & Surgical),5721 S. Maryland Ave.,Chicago,,IL,60637,41.79022382,-87.60461196,252204,,2006,2014,3,326,677,326,677,,,10442,,250125,HYDE PARK,1
DCAM,Ambulatory Surgical Center,5758 S. Maryland Ave.,Chicago,,IL,60637,41.79021756,-87.60550798,538062,,1996,2014,,206,467,206,467,,,15525,,250126,HYDE PARK,1
Gordon Center for Integrative Science (GCIS),Laboratory,929 East 57th Street,Chicago,,IL,60637,41.791333,-87.602895,479503,,2005,2014,,488,946,464,918,,,27501,,110848,HYDE PARK,1
Harper Center (Booth School),College/University,5807 South Woodlawn Ave.,Chicago,,IL,60637,41.7891404,-87.59555249,419312,,2004,2014,,121,263,118,260,,,6790,,102455,HYDE PARK,1
KCBD,Laboratory,900 E. 57th St.,Chicago,,IL,60637,41.79207324,-87.60337358,376735,,2009,2014,,491,929,481,916,,,21127,,158868,HYDE PARK,1
Museum of Science and Industry,Museum,5700 South Lake Shore Drive,Chicago,,IL,60637,41.79055467,-87.58295123,1211750,,1893,2014,,62,139,58,135,,,10297,,102460,HYDE PARK,1
Regenstein Library,Library,1100 East 57th Street,Chicago,,IL,60637,41.79221307,-87.59994981,575597,,1971,2014,,166,270,166,270,,,9184,,102452,HYDE PARK,1
Schurz High-CPS,K-12 School,3601 N MILWAUKEE AVE,Chicago,,IL,60641,41.94750755,-87.735506,454800,,1910,2014,80,88,148,83,142,,,3910,,102309,IRVING PARK,1
Kenwood Acad-CPS,K-12 School,5015 S Blackstone Ave,Chicago,,IL,60615,41.803961,-87.590479,297418,,1969,2014,85,33,104,33,104,,,1979,,106819,KENWOOD,1
Advocate Illinois Masonic Medical Center,Hospital (General Medical & Surgical),836 W. Wellington Avenue,Chicago,,IL,60657,41.93678761,-87.65090588,1143379,,2004,2014,89,176,323,172,317,,,21860,,102285,LAKE VIEW,15
Lake View Hi-CPS,K-12 School,4015 N Ashland Ave,Chicago,,IL,60613,41.95525436,-87.66860456,266099,,1898,2014,85,66,111,60,104,,,1709,,102365,LAKE VIEW,1
Presence St Joseph Hospital - Chicago,Hospital (General Medical & Surgical),2900 N Lake Shore Drive,Chicago,,IL,60657,41.93498449,-87.63728308,681807,,1960,2014,36,239,444,235,439,,,17968,,102283,LAKE VIEW,2
Lincoln Park-CPS,K-12 School,2016 N Orchard,Chicago,,IL,60614,41.918361,-87.646171,269474,,1901,2014,63,87,142,80,133,,,2205,,167562,LINCOLN PARK,1
10 South LaSalle Street,Office,10 South LaSalle Street,Chicago,,IL,60603,41.88160573,-87.6327278,871962,,1986,2014,67,69,214,66,204,,,11915,,103600,LOOP,1
10/30 South Wacker,Office,10 South Wacker Drive,Chicago,,IL,60606,41.8816073,-87.63751717,2662457,,1983,2014,85,63,197,63,197,,,33531,,101770,LOOP,1
101 North Wacker,Office,101 North Wacker Drive,Chicago,,IL,60606,41.88356984,-87.6364138,663093,,1980,2014,80,79,249,77,241,,,10555,,101862,LOOP,1
"108 North State Street (Chicago) Owner, LLC",Enclosed Mall,108 N. State Street,Chicago,,IL,60602,41.88349,-87.62793,275373,,2009,2014,,87,274,84,262,,,4829,,102160,LOOP,1
111 East Wacker Drive,Office,111 East Wacker Drive,Chicago,,IL,60601,41.8876921,-87.62356505,1281847,,1969,2014,73,92,191,89,187,,,14799,,101707,LOOP,1
111 South Wacker,Office,111 South Wacker,Chicago,,IL,60606,41.880335,-87.636667,1248730,,2004,2014,78,76,240,74,232,,,19139,,103696,LOOP,1
111 West Jackson,Office,111 West Jackson Blvd,Chicago,,IL,60604,41.87784862,-87.63130907,620454,,1962,2014,76,123,219,116,212,,,8047,,101856,LOOP,1
120 North LaSalle,Office,120 North LaSalle Street,Chicago,,IL,60602,41.88374717,-87.63315639,477123,,1991,2014,77,58,183,56,174,,,5578,,250001,LOOP,1
120 South LaSalle Street Building,Office,120 South LaSalle Street,Chicago,,IL,60603,41.88035359,-87.63280586,760892,,1929,2014,91,72,133,69,130,,,6031,,103601,LOOP,1
122 Property LLC,Office,122 S. Michigan Ave.,Chicago,,IL,60604,41.87991058,-87.62493152,512369,,1910,2014,58,140,243,134,236,,,7328,,101841,LOOP,1
123 N Wacker,Office,123 N Wacker,Chicago,,IL,60606,41.88411984,-87.63649725,587815,,1986,2014,77,63,199,60,190,,,7482,,101871,LOOP,1
125 South Wacker,Office,125 S Wacker Drive,Chicago,,IL,60606,41.8797333,-87.63641137,648309,,1974,2014,63,68,213,68,213,,,8822,,101867,LOOP,1
131 S. Dearborn 3,Office,131 S. Dearborn,Chicago,,IL,60603,41.87980869,-87.62854911,1652550,,2002,2014,77,97,305,96,302,,,32235,,101720,LOOP,1
135 S LaSalle Property LLC,Office,135 S. LaSalle Street,Chicago,,IL,60603,41.87977276,-87.63155683,1547120,,1934,2014,68,126,232,122,228,,,21362,,103647,LOOP,1
150 N. Michigan Ave,Office,150 N. Michigan Ave,Chicago,,IL,60601,41.88483521,-87.62496769,733118,,1984,2014,73,62,195,59,185,,,9135,,101813,LOOP,1
150 North Wacker Drive,Office,150 North Wacker Drive,Chicago,,IL,60606,41.88476971,-87.63734502,265117,,1970,2014,73,126,225,120,218,,,3505,,101972,LOOP,1
155 North Wacker,Office,155 N. Wacker,Chicago,,IL,60606,41.884658,-87.636809,1334888,,2009,2014,80,88,218,85,210,,,18242,,160438,LOOP,1
161 North Clark,Office,161 North Clark,Chicago,,IL,60601,41.88490511,-87.6305179,1200836,,1992,2014,81,68,213,68,213,,,16335,,101745,LOOP,1
17 N. State LLC,Office,17 N. State Street,Chicago,,IL,60602,41.88270627,-87.62731812,409072,,1914,2014,85,71,152,66,147,,,3776,,101958,LOOP,1
175 W. Jackson,Office,175 W. Jackson,Chicago,,IL,60604,41.87749352,-87.63319804,1809140,,1928,2014,90,87,180,84,176,,,19800,,101731,LOOP,1
180 North LaSalle,Office,180 North LaSalle Street,Chicago,,IL,60601,41.88538772,-87.63289117,857412,,1972,2014,80,105,194,102,189,,,9932,,103643,LOOP,1
181 West Madison,Office,181 W Madison Street,Chicago,,IL,60602,41.88158551,-87.63338486,1082248,,1990,2014,73,70,219,70,219,,,15173,,101766,LOOP,1
190 South LaSalle,Office,190 South LaSalle,Chicago,,IL,60603,41.8797561,-87.63268685,882560,,1985,2014,78,73,228,70,220,,,12860,,103602,LOOP,1
191 North Wacker,Office,191 North Wacker Drive,Chicago,,IL,60606,41.88538256,-87.63643849,778325,,2003,2014,85,59,186,57,179,,,9237,,101838,LOOP,1
20 North Clark Street - 2821,Office,20 North Clark Street,Chicago,,IL,60602,41.88230282,-87.63117675,433246,,1981,2014,79,62,186,59,178,,,5140,,103739,LOOP,1
20 North Wacker Drive,Office,20 North Wacker Drive,Chicago,,IL,60606,41.88252633,-87.63747012,1742899,,1929,2014,,79,161,76,158,,,16908,,101709,LOOP,1
20 S. Clark,Office,20 S. Clark Street,Chicago,,IL,60603,41.88129971,-87.6311826,464592,,1970,2014,70,68,213,65,204,,,6343,,101987,LOOP,1
200 North LaSalle,Office,200 N LaSalle Ave,Chicago,,IL,60601,41.88607935,-87.63304163,698645,,1984,2014,47,85,267,85,267,,,11950,,103644,LOOP,1
"200 S. Michigan, LLC",Office,200 S. Michigan Ave.,Chicago,,IL,60604,41.87931324,-87.62491915,421232,,1958,2014,78,104,194,101,190,,,4875,,101929,LOOP,1
200 South Wacker Property LLC,Office,200 South Wacker Drive,Chicago,,IL,60606,41.87902474,-87.63734431,874000,,1981,2014,69,71,223,69,218,,,12450,,101799,LOOP,1
200 West Adams St.,Office,200 West Adams St.,Chicago,,IL,60606,41.87975177,-87.63414051,789024,,1985,2014,88,49,153,48,152,,,7717,,101846,LOOP,1
200 West Jackson Boulevard Building,Office,200 West Jackson Blvd.,Chicago,,IL,60606,41.87843672,-87.63410024,545162,,1971,2014,77,115,222,112,219,,,7282,,101878,LOOP,1
200 West Madison,Office,200 West Madison,Chicago,,IL,60606,41.88234782,-87.6343649,1001834,,1982,2014,72,67,211,64,200,,,13491,,101789,LOOP,1
200 West Monroe,Office,200 W. Monroe,Chicago,,IL,60606,41.8810266,-87.63432282,649265,,1973,2014,43,93,292,90,280,,,12116,,101848,LOOP,1
203 North LaSalle,Office,203 N LaSalle Street,Chicago,,IL,60601,41.88606221,-87.63169041,760086,,1985,2014,80,66,206,63,199,,,10012,,103645,LOOP,1
205 W. Wacker,Office,205 W Wacker Dr,Chicago,,IL,60606,41.88638306,-87.63427616,309652,,1929,2014,81,80,156,75,149,,,2896,,101988,LOOP,1
22 West Washington,Office,22 West Washington Street,Chicago,,IL,60602,41.88356258,-87.62879915,471436,,2008,2014,54,110,377,110,377,,,11435,,103698,LOOP,1
222 North LaSalle Street,Office,222 North LaSalle Street,Chicago,,IL,60601,41.88651518,-87.6332446,1031459,,1986,2014,85,56,175,54,170,,,11559,,103598,LOOP,1
224 South Michigan Avenue,Office,224 South Michigan Avenue,Chicago,,IL,60604,41.87862405,-87.62489066,412504,,1904,2014,86,81,197,75,190,,,5039,,101891,LOOP,1
225 West Wacker,Office,225 West Wacker Drive,Chicago,,IL,60606,41.88628574,-87.63508062,721992,,1989,2014,87,51,161,50,157,,,7449,,101794,LOOP,1
225 West Washington,Office,225 West Washington,Chicago,,IL,60606,41.88285621,-87.63499083,539705,,1987,2014,68,72,227,68,213,,,7849,,101907,LOOP,1
230 W Monroe,Office,230 W Monroe,Chicago,,IL,60606,41.88100752,-87.63490659,661535,,1971,2014,82,98,196,,,,,7796,,101835,LOOP,1
233 North Michigan Avenue,Office,233 North Michigan Avenue,Chicago,,IL,60601,41.8869574,-87.62305507,1215747,,1972,2014,74,89,187,86,184,,,13795,,101708,LOOP,1
25 E Washington,Office,25 East Washington Street,Chicago,,IL,60602,41.8829176,-87.62666864,488324,,1914,2014,94,46,123,45,122,,,3798,,101881,LOOP,1
250 South Wacker Drive,Office,250 South Wacker Drive,Chicago,,IL,60606,41.87843521,-87.63727562,251826,,1958,2014,87,73,165,69,161,,,2549,,158405,LOOP,1
30 North LaSalle Street,Office,30 North LaSalle Street,Chicago,,IL,60602,41.88284628,-87.63290243,1095104,,1974,2014,87,68,150,,,,,10010,,103597,LOOP,1
300 E Randolph,Office,300 East Randolph,Chicago,,IL,60601,41.88484639,-87.61989893,2218838,,2010,2014,77,85,205,84,203,,,28430,,101738,LOOP,1
300 South Wacker Property LLC,Office,300 South Wacker Drive,Chicago,,IL,60606,41.87767066,-87.6371323,600713,,1971,2014,83,86,188,80,181,,,6911,,101868,LOOP,1
300 West Adams,Office,300 West Adams,Chicago,,IL,60606,41.87969438,-87.63568353,289000,,1926,2014,69,128,221,121,213,,,3724,,107850,LOOP,1
303 E. Wacker,Office,303 E. Wacker,Chicago,,IL,60601,41.88729474,-87.62026142,1015129,,1979,2014,90,65,202,62,196,,,13136,,101797,LOOP,1
303 West Madison,Office,303 West Madison,Chicago,,IL,60606,41.88155993,-87.63556015,345450,,1987,2014,67,76,238,73,228,,,5255,,101943,LOOP,1
311 S. Wacker,Office,311 South Wacker,Chicago,,IL,60606,41.87745822,-87.63573828,1433105,,1990,2014,71,72,226,70,218,,,20723,,101716,LOOP,1
311 West Monroe,Office,311 West Monroe,Chicago,,IL,60606,41.88030523,-87.63570062,411672,,1969,2014,21,229,459,226,455,,,11363,,101923,LOOP,1
33 N. Dearborn,Office,33 N. Dearborn,Chicago,,IL,60602,41.88287054,-87.62903883,372137,,1966,2014,70,106,196,100,190,,,4340,,103743,LOOP,1
33 North LaSalle Street,Office,33 North LaSalle Street,Chicago,,IL,60602,41.88286478,-87.63205333,477171,,1929,2014,76,90,161,,,,,4524,,103641,LOOP,1
33 West Monroe,Office,33 W. Monroe Street,Chicago,,IL,60603,41.88038628,-87.62878581,1085869,,1980,2014,65,79,212,76,203,,,14538,,158184,LOOP,1
332 Property LLC,Office,332 South Michigan Ave.,Chicago,,IL,60604,41.87724917,-87.6247034,529401,,1910,2014,,99,190,95,186,,,5988,,101950,LOOP,1
333 North Michigan,Office,333 North Michigan Ave,Chicago,,IL,60601,41.88778975,-87.62420778,362756,,1928,2014,77,102,170,98,165,,,3571,,101889,LOOP,1
333 West Wacker,Office,333 West Wacker Drive,Chicago,,IL,60606,41.88609655,-87.63591682,1012961,,1982,2014,80,58,180,58,180,,,11688,,101788,LOOP,1
5098-Bank of America,Office,231 S. LaSalle Street,Chicago,,IL,60604,41.878681,-87.632292,1129407,,1924,2014,85,91,181,89,179,,,,,250134,LOOP,1
55 E Jackson Blvd,Office,55 E Jackson Blvd,Chicago,,IL,60604,41.8780063,-87.62558458,451233,,1963,2014,36,153,314,147,308,,,8560,,101876,LOOP,1
55 East Monroe,Office,55 East Monroe Street,Chicago,,IL,60603,41.88017573,-87.62564433,1674462,,1972,2014,64,93,236,90,224,,,24809,,101717,LOOP,1
55 West Monroe,Office,55 West Monroe,Chicago,,IL,60603,41.88038865,-87.6298223,899237,,1980,2014,82,53,165,50,157,,,9504,,101791,LOOP,1
70 W Madison,Office,70 W. Madison St,Chicago,,IL,60602,41.88229695,-87.630198,1567321,,1981,2014,72,69,213,67,208,,,21361,,101718,LOOP,1
71215A STATE STREET,Retail Store,101 and 111 North State Street E,Chicago,,IL,60602,41.88386376,-87.62704852,1841736,,1879,2014,82,77,155,73,151,,,17178,,101735,LOOP,1
77 West Wacker Drive,Office,77 W. Wacker Drive,Chicago,,IL,60601,41.88651883,-87.630542,1153218,,1992,2014,83,56,175,53,167,,,12907,,101765,LOOP,1
Aon Center,Office,200 E. Randolph Street,Chicago,,IL,60601,41.88529085,-87.62152084,3193966,,1972,2014,84,98,178,95,176,,,33948,,101713,LOOP,1
Auditorium Building,College/University,430 S. Michigan Ave,Chicago,,IL,60605,41.87603287,-87.62519066,598474,,1889,2014,,65,152,,,,,5633,,101784,LOOP,1
Burnham Center,Office,111 West Washington,Chicago,,IL,60602,41.88285809,-87.631408,570760,,1914,2014,74,98,197,94,192,,,6766,,101827,LOOP,1
CentralOffic-CPS,Office,125 S Clark St,Chicago,,IL,60603,41.879992,-87.630764,502000,,1900,2014,93,72,147,70,144,,,4449,,103705,LOOP,1
Chase Tower Chicago,Financial Office,10 S. Dearborn,Chicago,,IL,60603,41.88163958,-87.63010692,2429909,,1967,2014,74,77,239,74,230,,,,,158121,LOOP,1
Chicago Board of Trade Building,Office,141 W. Jackson Blvd.,Chicago,,IL,60604,41.87750025,-87.63227855,1573971,,1930,2014,65,130,322,128,318,,,31708,,103595,LOOP,1
City Hall,Office,121 N. La Salle St.,Chicago,,IL,60602,41.88385328,-87.63167966,411500,,1870,2014,76,62,195,62,195,,,5121,,250115,LOOP,1
Clark-Adams,Office,105 W. Adams,Chicago,,IL,60603,41.879395,-87.630986,490273,,1927,2014,64,119,220,114,214,,,6401,,103611,LOOP,1
CME Group Inc,Financial Office,333 South LaSalle,Chicago,,IL,60604,41.877735,-87.631723,261217,,1997,2014,3,261,600,257,588,,,9733,,103770,LOOP,1
CNA Building,Office,333 S. Wabash,Chicago,,IL,60685,41.87740181,-87.62564302,1274198,,1974,2014,58,120,266,116,262,,,20723,,103692,LOOP,1
Cook County Building,Office,118 N. Clark St.,Chicago,,IL,60602,41.88385328,-87.63167966,638592,,1906,2014,53,109,248,109,248,,,9727,,101756,LOOP,1
Daley Center,College/University,14 East Jackson Blvd.,Chicago,,IL,60604,41.87849557,-87.62724664,371257,,1930,2014,,96,150,92,145,,,3194,,101975,LOOP,1
DePaul Center,College/University,1 East Jackson Blvd.,Chicago,,IL,60604,41.87754201,-87.62723219,701699,,1910,2014,,66,208,64,202,,,9329,,101562,LOOP,1
Four40,Office,440 South LaSalle,Chicago,,IL,60605,41.87595944,-87.63219354,1157744,,1984,2014,64,86,269,85,267,,,19934,,103651,LOOP,1
Garland Building,Office,111 N. Wabash Avenue,Chicago,,IL,60602,41.88347296,-87.62574183,259000,,1914,2014,44,143,282,137,274,,,4392,,101954,LOOP,1
George W Dunne Cook County Office Building,Office,69 W. Washington Street,Chicago,,IL,60602,41.88287346,-87.62989783,822815,,1965,2014,89,82,169,79,165,,,8401,,103699,LOOP,1
Harold Washington College,College/University,30 East Lake Street,Chicago,,IL,60601,41.88606565,-87.62685764,345300,,1983,2014,,422,554,422,555,,,10456,,101980,LOOP,1
HAROLD WASHINGTON LIBRARY,Library,400 S. State St.,Chicago,,IL,60605,41.8763213,-87.62821533,756640,,1970,2014,,96,301,96,301,,,14549,,157964,LOOP,1
Harris Bank Building,Office,115 S. LaSalle Street,Chicago,,IL,60603,41.88031326,-87.63191186,1526102,,1974,2014,53,126,264,123,261,,,24437,,101755,LOOP,1
Hartford Plaza,Office,150 South Wacker,Chicago,,IL,60606,41.87965675,-87.63746431,1281114,,1971,2014,84,96,217,92,212,,,17037,,101865,LOOP,1
HEADQUARTERS Q12380,Office,225 W. RANDOLPH,Chicago,,IL,60606,41.88411639,-87.63478478,976496,,1968,2014,73,112,206,107,201,,,11940,,101798,LOOP,1
Hyatt Center,Office,71 S. Wacker Drive,Chicago,,IL,60606,41.88099639,-87.63603964,1687710,,2005,2014,79,79,247,77,240,,,26684,,101736,LOOP,1
IL0000FC - CHICAGO FEDERAL CTR,Mixed Use Property,219 S DEARBORN,Chicago,,IL,60604,41.87881863,-87.62895341,3177981,,1973,2014,90,74,135,72,133,,,,,101757,LOOP,1
IL0054ZZ - CLARK FEDERAL BLDG,Office,536 S CLARK STREET,Chicago,,IL,60605,41.87500832,-87.63122808,689733,,1912,2014,70,100,200,95,195,,,8280,,101560,LOOP,1
IL0303ZZ - METCALFE FED BLDG,Office,77 W JACKSON,Chicago,,IL,60604,41.87755536,-87.6304139,840365,,1991,2014,90,47,147,46,144,,,7916,,101559,LOOP,1
Inland Steel Building,Office,30 West Monroe,Chicago,,IL,60603,41.88108964,-87.62858918,300971,,1958,2014,68,121,219,114,212,,,3898,,101961,LOOP,1
James R Thompson Center,Office,100 W. Randolph St.,Chicago,,IL,60601,41.88517287,-87.63173182,1200000,,1985,2014,44,118,271,112,265,,,20027,,101742,LOOP,1
Jones Colleg-CPS,K-12 School,600 S State St,Chicago,,IL,60605,41.874294,-87.627664,253266,,1968,2014,5,94,217,88,208,,,3390,,250046,LOOP,1
LaSalle-Wacker Building,Office,221 North LaSalle Street,Chicago,,IL,60601,41.88653309,-87.63199926,501342,,1929,2014,81,107,188,103,184,,,5562,,103639,LOOP,1
Leo Burnett Building,Office,35 W. Wacker Dr.,Chicago,,IL,60601,41.88642141,-87.62903061,1392096,,1989,2014,79,75,233,74,230,,,20699,,101760,LOOP,1
Lewis & O'Malley,College/University,25 E. Jackson Blvd.,Chicago,,IL,60604,41.878202,-87.626867,380371,,1928,2014,,91,184,87,180,,,4210,,103634,LOOP,1
Mallers Building LLC,Enclosed Mall,5 S. Wabash Ave.,Chicago,,IL,60603,41.88185833,-87.62566994,315000,,1912,2014,,88,184,,,,,3508,,101940,LOOP,1
Marquette Building,Office,140 South Dearborn Street,Chicago,,IL,60603,41.87977522,-87.62973114,372265,,1895,2014,65,92,254,89,244,,,5980,,101919,LOOP,1
Michael A. Bilandic Building,Office,160 N. LaSalle St.,Chicago,,IL,60601,41.88481297,-87.63290616,445145,,1920,2014,78,78,166,72,158,,,4484,,101910,LOOP,1
Michigan Plaza,Office,205/225 N Michigan Ave,Chicago,,IL,60601,41.88603179,-87.62354823,2059714,,1981,2014,76,64,201,61,193,,,26458,,101801,LOOP,1
Northern Trust Headquarters,Financial Office,50 S. LaSalle,Chicago,,IL,60603,41.88103427,-87.63261241,580000,,1963,2014,80,91,208,87,205,,,7430,,103664,LOOP,1
One East Wacker,Office,One East Wacker Drive,Chicago,,IL,60601,41.88653035,-87.62754249,579275,,1962,2014,92,82,148,77,142,,,5074,,101850,LOOP,1
One North Franklin,Office,1 N. Franklin,Chicago,,IL,60606,41.88230828,-87.6349623,708027,,1991,2014,76,66,208,63,197,,,9416,,101834,LOOP,1
One North LaSalle,Office,1 N. LaSalle,Chicago,,IL,60602,41.8823233,-87.6320043,501904,,1932,2014,81,91,171,86,165,,,5109,,103640,LOOP,1
One North State,Office,1 North State,Chicago,,IL,60602,41.88238964,-87.62728409,829072,,1910,2014,74,83,201,82,199,,,10332,,103685,LOOP,1
One North Wacker,Office,One North Wacker Drive,Chicago,,IL,60606,41.88230154,-87.636058,1599211,,2001,2014,77,93,240,91,234,,,24084,,101744,LOOP,1
One South Dearborn,Office,1 South Dearborn,Chicago,,IL,60603,41.88165139,-87.62884674,942732,,2005,2014,83,61,190,58,182,,,11450,,101739,LOOP,1
One South Wacker,Office,One South Wacker,Chicago,,IL,60606,41.88155817,-87.63615089,1343438,,1982,2014,82,58,181,,,,,15584,,101748,LOOP,1
Prudential Plaza,Office,130 East Randolph & 180 North Stetson,Chicago,,IL,60601,41.88494749,-87.62313016,2751094,,1972,2014,83,70,188,67,181,,,32381,,102157,LOOP,1
RICHARD J. DALEY CENTER,Courthouse,50 W. WASHINGTON,Chicago,,IL,60602,41.88409726,-87.63019634,1541766,,1965,2014,81,95,179,90,174,,,16427,,101762,LOOP,1
Robert Morris Center,Adult Education,401 S. State St.,Chicago,,IL,60605,41.87632131,-87.62720278,517424,,1893,2014,,49,117,45,113,,,3751,,101569,LOOP,1
Sullivan Center,Office,1 S State Street,Chicago,,IL,60603,41.88155564,-87.62730774,1097549,,1903,2014,91,69,142,66,139,,,9433,,103687,LOOP,1
The Art Institute of Chicago,Museum,111 South Michigan Ave,Chicago,,IL,60603,41.880452,-87.624229,1008416,,1892,2014,,251,460,248,457,,,27458,,160196,LOOP,1
The Franklin,Office,227 West Monroe,Chicago,,IL,60606,41.88003331,-87.63472342,3406142,,1989,2014,79,63,198,63,198,,,43039,,101715,LOOP,1
The Jewelers Building,Office,35 East Wacker Drive,Chicago,,IL,60601,41.88653197,-87.62678611,621000,,1927,2014,,91,199,85,192,,,7553,,101790,LOOP,1
The Monadnock Building,Office,53 W. Jackson Blvd,Chicago,,IL,60604,41.87752434,-87.6295529,496749,,1890,2014,97,50,95,47,91,,,2799,,101567,LOOP,1
The Rookery Building,Office,209 S. LaSalle,Chicago,,IL,60604,41.87908523,-87.631822,337879,,1886,2014,68,76,239,76,239,,,5156,,103721,LOOP,1
Two North LaSalle,Office,2 North LaSalle,Chicago,,IL,60602,41.8823134,-87.63279516,776691,,1978,2014,89,59,186,56,177,,,9220,,103711,LOOP,1
Willis Tower,Office,233 S Wacker Drive,Chicago,,IL,60606,41.87887581,-87.63587349,4493970,,1973,2014,36,110,346,110,346,,,99526,,103606,LOOP,1
329 W 18th Street,Office,329 W 18th Street,Chicago,,IL,60616,41.857685,-87.636254,406780,,1911,2014,97,46,106,44,103,,,2652,,103608,LOWER WEST SIDE,1
Morgan Park-CPS,K-12 School,1744 W Pryor Ave,Chicago,,IL,60643,41.69164701,-87.66578473,269480,,1921,2014,70,87,151,83,145,,,2373,,100418,MORGAN PARK,1
20 West Kinzie,Office,20 West Kinzie Street,Chicago,,IL,60654,41.88927,-87.628761,392653,,2000,2014,35,91,281,91,281,,,7057,,103761,NEAR NORTH SIDE,1
211 E. Chicago Ave.,Office,211 E. Chicago Ave.,Chicago,,IL,60611,41.89644968,-87.62256575,394230,,1965,2014,85,85,171,81,167,,,4047,,100447,NEAR NORTH SIDE,1
300 North LaSalle,Office,300 N LaSalle,Chicago,,IL,60654,41.88814152,-87.63312862,1506959,,2007,2014,80,63,197,61,191,,,18952,,250129,NEAR NORTH SIDE,1
321 N. Clark @ Riverfront Plaza,Office,321 North Clark,Chicago,,IL,60654,41.88827025,-87.6306007,1025053,,1987,2014,79,57,180,56,175,,,11819,,101934,NEAR NORTH SIDE,1
353 North Clark,Office,353 North Clark Street,Chicago,,IL,60654,41.88886543,-87.6302742,1364257,,2009,2014,85,71,213,69,205,,,18477,,158133,NEAR NORTH SIDE,1
401 N Michigan Avenue,Office,401 N Michigan Avenue,Chicago,,IL,60611,41.88961452,-87.62297649,878884,,1965,2014,74,117,205,110,198,,,10572,,101804,NEAR NORTH SIDE,1
500 N Michigan,Office,500 N Michigan,Chicago,,IL,60611,41.89117131,-87.62469712,373561,,1968,2014,54,87,273,82,259,,,6529,,101935,NEAR NORTH SIDE,1
541 N. Fairbanks,Office,541 North Fairbanks,Chicago,,IL,60611,41.89221623,-87.61971658,622883,,1969,2014,69,105,221,99,212,,,8332,,101795,NEAR NORTH SIDE,1
600 W Chicago,Office,600 W Chicago,Chicago,,IL,60654,41.896501,-87.64288,1434236,,1908,2014,82,98,277,98,275,,,25200,,100851,NEAR NORTH SIDE,1
625 N Michigan Avenue,Office,625 N Michigan Avenue,Chicago,,IL,60611,41.893122,-87.624155,359409,,1969,2014,92,81,172,76,167,,,3760,,103781,NEAR NORTH SIDE,1
640 N LaSalle,Office,640 N LaSalle Dr,Chicago,,IL,60654,41.89361489,-87.63342151,282343,,1969,2014,60,114,280,112,278,,,4913,,103766,NEAR NORTH SIDE,1
AMA Plaza,Office,330 North Wabash,Chicago,,IL,60611,41.88863693,-87.62751976,1915669,,1971,2014,75,102,216,100,214,,,26440,,103816,NEAR NORTH SIDE,1
Ann & Robert H. Lurie Children's Hospital of Chicago,Hospital (General Medical & Surgical),225 E Chicago Ave,Chicago,,IL,60611,41.896764,-87.621559,1250000,,2012,2014,34,251,461,244,451,,,34191,,103614,NEAR NORTH SIDE,1
Corboy Law Center,College/University,25 E. Pearson St.,Chicago,,IL,60611,41.897139,-87.62708914,306560,,2004,2014,,103,267,96,253,,,5116,,101971,NEAR NORTH SIDE,1
CW GLL 444 N. Michigan,Office,444 N. Michigan Avenue,Chicago,,IL,60611,41.89069402,-87.62477656,517115,,1976,2014,52,80,252,77,243,,,8329,,101874,NEAR NORTH SIDE,1
East Bank Club,Fitness Center/Health Club/Gym,500 North Kingsbury Street,Chicago,,IL,60654,41.89011705,-87.63932051,302780,,1980,2014,,253,525,249,521,,,9618,,102079,NEAR NORTH SIDE,1
Federal Railroad Retirement Board,Office,844 W. Rush Street,Chicago,,IL,60611,41.897972,-87.626633,383007,,1923,2014,,107,201,103,197,,,4580,,103798,NEAR NORTH SIDE,4
Grossinger City Autoplex,Automobile Dealership,1530 N Dayton St,Chicago,,IL,60642,41.910106,-87.649495,275000,,2008,2014,,62,151,57,142,,,2569,,103620,NEAR NORTH SIDE,1
Merchandise Mart,Mixed Use Property,222 Merchandise Mart Plaza,Chicago,,IL,60654,41.888012,-87.634543,4146422,,1930,2014,,66,137,63,135,,,34627,,103656,NEAR NORTH SIDE,1
"Navy Pier, Inc.",Other - Entertainment/Public Assembly,600 E Grand Ave,Chicago,,IL,60611,41.89174315,-87.60470217,1589190,,1914,2014,,132,290,129,286,,,28096,,105864,NEAR NORTH SIDE,1
NBC Tower,Office,455 North Cityfront Plaza Drive,Chicago,,IL,60611,41.890071,-87.621562,939400,,1988,2014,71,95,300,94,296,,,18014,,103594,NEAR NORTH SIDE,1
NMH Arkes Family Pavilion,Medical Office,676 N St. Clair St,Chicago,,IL,60611,41.894419,-87.622789,675000,,1980,2014,62,119,373,116,364,,,16107,,103684,NEAR NORTH SIDE,1
NMH Feinberg Pavilion and Galter Pavilion,Hospital (General Medical & Surgical),251 E Huron St.,Chicago,,IL,60654,41.89458666,-87.62152834,2200000,,1999,2014,70,203,389,199,383,,,51047,,103632,NEAR NORTH SIDE,1
NMH Olson Pavilion,Laboratory,710 N Fairbanks Ct,Chicago,,IL,60611,41.89531,-87.620363,362800,,1977,2014,,442,960,432,948,,,21444,,103748,NEAR NORTH SIDE,1
NMH Prentice Womens Hospital,Hospital (General Medical & Surgical),250 E Superior Street,Chicago,,IL,60611,41.89627286,-87.62088103,945000,,2007,2014,52,214,410,205,394,,,23129,,103615,NEAR NORTH SIDE,1
Northwestern University Chicago Campus,College/University,710N Lakeshore Dr,Chicago,,IL,60611,41.89534174,-87.61664801,2238599,,1925,2014,,339,560,,,,,73204,,101840,NEAR NORTH SIDE,12
Realtor Building,Office,430 N. Michigan Ave,Chicago,,IL,60611,41.8903758,-87.62467983,264980,,1962,2014,79,83,187,80,184,,,3048,,158438,NEAR NORTH SIDE,1
Rehabilitation Institute of Chicago,Other - Specialty Hospital,345 East Superior Street,Chicago,,IL,60611,41.89544928,-87.61831774,381000,,1971,2014,,107,335,107,335,,,8160,,101890,NEAR NORTH SIDE,1
Reid Murdoch Center,Office,315-331 N. LaSalle,Chicago,,IL,60654,41.88810068,-87.63181582,335281,,1912,2014,64,72,227,72,227,,,4866,,250150,NEAR NORTH SIDE,1
River North Point,Office,350 North Orleans Street,Chicago,,IL,60654,41.88851686,-87.63777722,1738520,,1975,2014,72,113,305,110,297,,,33470,,103653,NEAR NORTH SIDE,1
Tribune Tower,Office,435 N Michigan Ave,Chicago,,IL,60611,41.89055855,-87.6232955,919420,,1925,2014,69,114,232,110,228,,,12885,,101724,NEAR NORTH SIDE,1
Mercy Chicago - Hospital,Hospital (General Medical & Surgical),2525 S. Michigan Ave,Chicago,,IL,60616,41.84674735,-87.62133625,750000,,1968,2014,31,233,448,229,444,,,20079,,101547,NEAR SOUTH SIDE,1
The Field Museum,Mixed Use Property,1400 South Lake Shore Drive,Chicago,,IL,60605,41.866211,-87.61703464,1300557,,1921,2014,,112,221,109,217,,,17257,,103638,NEAR SOUTH SIDE,1
"018110 - Union Tower, LLC",Office,550 West Van Buren,Chicago,,IL,60607,41.876786,-87.641142,362262,,2001,2014,89,73,230,71,224,,,5340,,101924,NEAR WEST SIDE,1
10 South Riverside Plaza,Office,10 South Riverside Plaza,Chicago,,IL,60606,41.88124095,-87.63911942,787045,,1964,2014,88,72,162,70,159,,,7794,,101854,NEAR WEST SIDE,1
100 North Riverside Plaza,Office,100 N Riverside Plaza,Chicago,,IL,60606,41.88384565,-87.63878625,822563,,1990,2014,77,143,450,,,,,23663,,101737,NEAR WEST SIDE,1
111 N Canal,Office,111 N. Canal St.,Chicago,,IL,60606,41.8838247,-87.6393572,979270,,1918,2014,98,76,188,74,185,,,11410,,101787,NEAR WEST SIDE,1
120 South Riverside Plaza,Office,120 South Riverside Plaza,Chicago,,IL,60606,41.87996528,-87.63907767,787045,,1966,2014,94,67,154,65,151,,,7447,,101839,NEAR WEST SIDE,1
2111 W. Roosevelt Rd.,Office,2111 W. Roosevelt Rd.,Chicago,,IL,60608,41.86578401,-87.67979313,458947,,2006,2014,92,89,210,86,206,,,5946,,101038,NEAR WEST SIDE,1
222 South Riverside Plaza,Office,222 South Riverside Plaza,Chicago,,IL,60606,41.8787371,-87.63898537,1237455,,1971,2014,84,94,233,92,229,,,17934,,101753,NEAR WEST SIDE,1
251010 - Quaker Tower,Office,555 West Monroe Street,Chicago,,IL,60661,41.88030693,-87.64186748,454346,,2002,2014,74,84,261,83,256,,,7589,,101830,NEAR WEST SIDE,1
300 South Riverside Plaza,Office,300 South Riverside Plaza,Chicago,,IL,60606,41.877973,-87.638874,1168504,,1983,2014,71,79,248,76,239,,,18525,,103679,NEAR WEST SIDE,1
328 S. Jefferson,Office,328 S. Jefferson,Chicago,,IL,60661,41.87715297,-87.64290989,330217,,1928,2014,86,97,173,92,168,,,3374,,103815,NEAR WEST SIDE,1
500 West Madison,Office,500 West Madison Street,Chicago,,IL,60661,41.88239806,-87.64047796,1855810,,1986,2014,73,74,233,72,226,,,27654,,101727,NEAR WEST SIDE,1
500 West Monroe,Office,500 West Monroe,Chicago,,IL,60661,41.880609,-87.639778,1153491,,1992,2014,85,55,172,52,162,,,12709,,101722,NEAR WEST SIDE,1
525 West Monroe Street,Office,525 West Monroe Street,Chicago,,IL,60661,41.880543,-87.640541,1036048,,1983,2014,86,57,180,55,172,,,11929,,103604,NEAR WEST SIDE,1
540 West Madison,Financial Office,540 W. Madison,Chicago,,IL,60661,41.88256638,-87.6416484,1222281,,2004,2014,77,76,237,75,233,,,18514,,101729,NEAR WEST SIDE,1
550 West Jackson,Office,550 West Jackson Boulevard,Chicago,,IL,60661,41.8783471,-87.64152501,433994,,2001,2014,66,101,319,101,316,,,8846,,103596,NEAR WEST SIDE,1
550 West Washington,Office,550 West Washington,Chicago,,IL,60661,41.88353377,-87.6416697,392503,,2000,2014,85,68,212,68,212,,,5325,,101912,NEAR WEST SIDE,1
Chicago Transit Authority - 567 W Lake Street,Office,567 W. Lake Street,Chicago,,IL,60661,41.88528144,-87.64234829,428096,,2004,2014,88,61,156,59,154,,,4159,,101913,NEAR WEST SIDE,1
Congress Center,Office,525 W. Van Buren,Chicago,,IL,60607,41.87630749,-87.6401831,527238,,2000,2014,82,52,164,50,158,,,5522,,100730,NEAR WEST SIDE,1
Headquarters,Office,547 W. Jackson Blvd.,Chicago,,IL,60661,41.878003,-87.641471,347691,,1922,2014,56,107,252,,,,,5414,,103759,NEAR WEST SIDE,1
IL0032ZZ - CHICAGO CUSTOMHOUSE,Office,610 S CANAL STREET,Chicago,,IL,60607,41.87397525,-87.64002227,279320,,1932,2014,81,68,156,65,153,,,2688,,160137,NEAR WEST SIDE,1
Illinois Institute of Technology- DTC,College/University,565 West Adams Street,Chicago,,IL,60661,41.87897403,-87.64212148,284000,,1992,2014,,160,300,157,294,,,5075,,158403,NEAR WEST SIDE,1
Juvenile Temporary Detention Center,Prison/Incarceration,1100 S. Hamilton Ave.,Chicago,,IL,60612,41.867488,-87.680301,611255,,1974,2014,,99,199,93,193,,,7330,,112638,NEAR WEST SIDE,1
Malcolm X College,College/University,1900 West Van Buren Street,Chicago,,IL,60612,41.876251,-87.674127,541575,,1971,2014,,115,222,110,217,,,7201,,250009,NEAR WEST SIDE,1
Northern Trust - Chicago,Office,801 S. Canal St,Chicago,,IL,60607,41.8712255,-87.63869278,568200,,1989,2014,66,90,274,87,265,,,9920,,100729,NEAR WEST SIDE,1
Rush University Medical Center,Hospital (General Medical & Surgical),1653 West Congress Parkway,Chicago,,IL,60612,41.875121,-87.668005,4098526,,1982,2014,4,289,560,285,554,,,138008,,100867,NEAR WEST SIDE,9
Stroger Hospital Campus,Hospital (General Medical & Surgical),1901 W. Harrison St.,Chicago,,IL,60612,41.874071,-87.674135,1802093,,2002,2014,18,298,530,290,523,,,56241,,103630,NEAR WEST SIDE,4
Two North Riverside Plaza,Office,2 North Riverside Plaza,Chicago,,IL,60606,41.88253679,-87.63918687,741328,,1929,2014,71,101,217,97,210,,,9811,,101733,NEAR WEST SIDE,1
USG Building,Office,550 W. Adams,Chicago,,IL,60661,41.87954979,-87.64173979,509038,,2006,2014,85,57,177,57,177,,,5753,,101887,NEAR WEST SIDE,1
Whitney Youn-CPS,K-12 School,211 S LAFLIN ST,Chicago,,IL,60607,41.87825891,-87.6636621,430443,,1975,2014,6,169,310,163,303,,,7891,,250056,NEAR WEST SIDE,1
LaneTechHS-CPS,K-12 School,2501 W Addison St,Chicago,,IL,60618,41.94498741,-87.69077957,716630,,1932,2014,15,70,112,66,107,,,4598,,102363,NORTH CENTER,1
Northeastern Illinois University,College/University,5500 N. Saint Louis Avenue,Chicago,,IL,60625,41.98039877,-87.72026611,1258489,,1961,2014,,113,208,,,,,15478,,101508,NORTH PARK,19
Von Steuben-CPS,K-12 School,5039 N KIMBALL AVE,Chicago,,IL,60625,41.97280582,-87.71281644,262000,,1928,2014,90,70,103,57,89,,,1510,,250055,NORTH PARK,1
Harlem-Foster Shopping Center,Strip Mall,7240 West Foster Avenue,Chicago,,IL,60656,41.974578,-87.808091,273613,,1958,2014,,142,302,136,295,,,5017,,101686,NORWOOD PARK,30
Presence Resurrection Medical Center,Hospital (General Medical & Surgical),7435 West Talcott Avenue,Chicago,,IL,60631,41.98632417,-87.81456571,1096075,,1953,2014,31,254,441,246,433,,,28338,,101681,NORWOOD PARK,2
Taft High Sc-CPS,K-12 School,6545 W HURLBUT ST,Chicago,,IL,60634,41.985587,-87.791778,383500,,1939,2014,82,65,125,61,121,,,2875,,250053,NORWOOD PARK,1
8750 West Bryn Mawr Ave - Triangle Plaza-,Office,8750 West Bryn Mawr Ave,Chicago,,IL,60631,41.98305124,-87.84427691,691766,,1985,2014,82,62,193,59,185,,,8516,,101682,OHARE,1
Evangelical Lutheran Church in America,Office,8765 W. Higgins Road,Chicago,,IL,60631,41.98712961,-87.84592168,252250,,1969,2014,88,54,164,50,153,,,2634,,158088,OHARE,1
International Tower,Office,8550 W. Bryn Mawr,Chicago,,IL,60631,41.981083,-87.840286,308916,,1969,2014,41,96,300,96,300,,,5927,,103733,OHARE,1
O'Hare Plaza I,Office,8725-45 W. Higgins Road,Chicago,,IL,60631,41.98681144,-87.84464462,538105,,1969,2014,81,97,200,,,,,6508,,101676,OHARE,1
O'Hare Plaza II,Office,8755 W. Higgins Road,Chicago,,IL,60631,41.98655423,-87.84550445,256010,,1969,2014,89,59,186,,,,,3039,,158095,OHARE,1
Presidents Plaza 1,Office,8600 West Bryn Mawr Ave,Chicago,,IL,60631,41.98292604,-87.84221511,417395,,1980,2014,75,80,248,77,238,,,6629,,101679,OHARE,1
Presidents Plaza 2,Office,8700 West Bryn Mawr Ave,Chicago,,IL,60631,41.98171896,-87.84446238,441327,,1983,2014,72,69,214,68,210,,,6031,,101674,OHARE,1
Community First Medical Center,Hospital (General Medical & Surgical),5645 West Addison St,Chicago,,IL,60634,41.94536427,-87.76777267,346894,,1955,2014,62,215,434,207,424,,,9065,,157832,PORTAGE PARK,1
Olive-Harvey College,College/University,10001 South Woodlawn Ave,Chicago,,IL,60628,41.71111526,-87.59121912,397700,,1981,2014,,78,159,75,156,,,3817,,102544,PULLMAN,1
Carver Milli-CPS,K-12 School,13100 S Carver Dr,Chicago,,IL,60827,41.657559,-87.592115,298689,,1973,2014,73,46,143,45,142,,,2737,,102587,RIVERDALE,1
Brooks Colle-CPS,K-12 School,250 E 111th St,Chicago,,IL,60628,41.69387867,-87.61698808,255116,,1999,2014,13,103,189,99,185,,,2859,,250038,ROSELAND,1
Chicago State University Campus,College/University,9501 South Martin Luther King Drive,Chicago,,IL,60628,41.71825101,-87.61135684,1170487,,1971,2014,,140,259,133,251,,,17998,,102585,ROSELAND,12
Cook County Department of Corrections Campus,Prison/Incarceration,2700 S. California Ave.,Chicago,,IL,60608,41.84329289,-87.69598814,4570176,,1926,2014,,163,258,156,250,,,67549,,109613,SOUTH LAWNDALE,57
LittleVilMpx-CPS,K-12 School,3120 S Kostner Ave,Chicago,,IL,60623,41.83516722,-87.73556631,290134,,2005,2014,26,96,216,93,211,,,3849,,157011,SOUTH LAWNDALE,1
DisneyMagnet-CPS,K-12 School,4140 N Marine Dr,Chicago,,IL,60613,41.95672595,-87.64700522,259785,,1971,2014,2,70,219,69,216,,,3632,,102331,UPTOWN,1
Truman College,College/University,1145 West Wilson Ave,Chicago,,IL,60640,41.9645338,-87.65900659,954142,,1976,2014,,56,113,52,109,,,6509,,102332,UPTOWN,3
WEISS MEMORIAL HOSPITAL,Hospital (General Medical & Surgical),4646 N MARINE DR,Chicago,,IL,60640,41.96683175,-87.64961847,412000,,1952,2014,30,309,522,302,514,,,12522,,103778,UPTOWN,4
Julian High-CPS,K-12 School,10330 S Elizabeth St,Chicago,,IL,60643,41.70535258,-87.65466206,282100,,1998,2014,25,111,210,106,203,,,3525,,250047,WASHINGTON HEIGHTS,1
Lindblom Col-CPS,K-12 School,6130 S Wolcott Ave,Chicago,,IL,60636,41.78206597,-87.67220934,305788,,1917,2014,78,70,120,66,116,,,2130,,100332,WEST ENGLEWOOD,1
Daley,College/University,7500 South Pulaski Ave,Chicago,,IL,60652,41.75742978,-87.724956,501591,,1970,2014,,65,129,62,126,,,3887,,100395,WEST LAWN,9
Presence SMEMC St Elizabeth Campus,Hospital (General Medical & Surgical),1431 North Claremont Ave,Chicago,,IL,60622,41.90743588,-87.68538017,309056,,1928,2014,75,206,361,200,355,,,6551,,100001,WEST TOWN,1
Presence SMEMC St Mary Campus,Hospital (General Medical & Surgical),2233 West Division St,Chicago,,IL,60622,41.90251573,-87.68336086,681854,,1976,2014,38,263,482,255,473,,,19465,,100433,WEST TOWN,4
